Sex,8697
Sex,9940
Sex,13417
Sex,16330
Sex,24252
Sex,18333
Sex,9081
Sex,8900
Sex,16260
Sex,12292
Sex,4089
Sex,8808
Sex,10200
Sex,11401
Sex,10047
Sex,31535
Sex,3485
Sex,7446
Sex,8962
Sex,10688
Sex,9185
Sex,7986
Sex,6299
Sex,12237
Sex,21799
Sex,6017
Sex,16410
Sex,9103
Sex,14069
Sex,20189
Sex,9544
Sex,6494
Sex,8864
Sex,4855
Sex,12257
Sex,8331
Sex,8223
Sex,5570
Sex,12287
Sex,4639
Sex,5525
Sex,11385
Sex,8820
Sex,13437
Sex,9176
Sex,8588
Sex,8171
Sex,5029
Sex,9290
Sex,10795
Sex,7610
Sex,14615
Sex,7060
Sex,10971
Sex,7750
Sex,6951
Sex,9632
Sex,7446
Sex,14271
Sex,8310
Sex,12104
Sex,8742
Sex,9235
Sex,18342
Sex,13424
Sex,4909
Sex,8528
Sex,10347
Sex,4091
Sex,10745
Sex,10365
Sex,14186
Sex,7023
Sex,9412
Sex,6897
Sex,4994
Sex,14499
Sex,9709
Sex,6969
Sex,11613
Sex,14090
Sex,6674
Sex,9951
Sex,10214
Sex,14303
Sex,10385
Sex,9896
Sex,11819
Sex,15085
Sex,6711
Sex,6841
Sex,12510
Sex,8274
Sex,20943
Sex,12538
Sex,16201
Sex,9540
Sex,5630
Sex,21130
Sex,14995